lineage	amino acid	N	ORF1a	ORF1b	ORF3a	S	M	ORF7a	ORF7b	ORF8
A.28	A35V	1	0	0	0	0	0	0	0	0
A.28	S202N	1	0	0	0	0	0	0	0	0
A.28	A3529T	0	1	0	0	0	0	0	0	0
A.28	V86F	0	1	0	0	0	0	0	0	0
A.28	A975V	0	0	1	0	0	0	0	0	0
A.28	D1183Y	0	0	1	0	0	0	0	0	0
A.28	S171L	0	0	0	1	0	0	0	0	0
A.28	del69/70	0	0	0	0	1	0	0	0	0
A.28	H655Y	0	0	0	0	1	0	0	0	0
A.28	N501T	0	0	0	0	1	0	0	0	0
AY.43	I82T	0	0	0	0	0	1	0	0	0
AY.43	D377Y	1	0	0	0	0	0	0	0	0
AY.43	D63G	1	0	0	0	0	0	0	0	0
AY.43	G215C	1	0	0	0	0	0	0	0	0
AY.43	Q9L	1	0	0	0	0	0	0	0	0
AY.43	R203M	1	0	0	0	0	0	0	0	0
AY.43	A1306S	0	1	0	0	0	0	0	0	0
AY.43	P2046L	0	1	0	0	0	0	0	0	0
AY.43	P2287S	0	1	0	0	0	0	0	0	0
AY.43	T3255I	0	1	0	0	0	0	0	0	0
AY.43	T3646A	0	1	0	0	0	0	0	0	0
AY.43	V2930L	0	1	0	0	0	0	0	0	0
AY.43	A1918V	0	0	1	0	0	0	0	0	0
AY.43	G662S	0	0	1	0	0	0	0	0	0
AY.43	L829I	0	0	1	0	0	0	0	0	0
AY.43	P1000L	0	0	1	0	0	0	0	0	0
AY.43	P314L	0	0	1	0	0	0	0	0	0
AY.43	S26L	0	0	0	1	0	0	0	0	0
AY.43	T120I	0	0	0	0	0	0	1	0	0
AY.43	V82A	0	0	0	0	0	0	1	0	0
AY.43	T40I	0	0	0	0	0	0	0	1	0
AY.43	del119/120	0	0	0	0	0	0	0	0	1
AY.43	S84L	0	0	0	0	0	0	0	0	1
AY.43	D614G	0	0	0	0	1	0	0	0	0
AY.43	D950N	0	0	0	0	1	0	0	0	0
AY.43	del157/158	0	0	0	0	1	0	0	0	0
AY.43	E156G	0	0	0	0	1	0	0	0	0
AY.43	L452R	0	0	0	0	1	0	0	0	0
AY.43	P681R	0	0	0	0	1	0	0	0	0
AY.43	T19R	0	0	0	0	1	0	0	0	0
AY.43	T478K	0	0	0	0	1	0	0	0	0
AY.61	I82T	0	0	0	0	0	1	0	0	0
AY.61	D377Y	1	0	0	0	0	0	0	0	0
AY.61	D63G	1	0	0	0	0	0	0	0	0
AY.61	R203M	1	0	0	0	0	0	0	0	0
AY.61	A3209V	0	1	0	0	0	0	0	0	0
AY.61	P1640L	0	1	0	0	0	0	0	0	0
AY.61	T3750I	0	1	0	0	0	0	0	0	0
AY.61	V3718A	0	1	0	0	0	0	0	0	0
AY.61	G662S	0	0	1	0	0	0	0	0	0
AY.61	P1000L	0	0	1	0	0	0	0	0	0
AY.61	P314L	0	0	1	0	0	0	0	0	0
AY.61	I47T	0	0	0	1	0	0	0	0	0
AY.61	S26L	0	0	0	1	0	0	0	0	0
AY.61	T120I	0	0	0	0	0	0	1	0	0
AY.61	V82A	0	0	0	0	0	0	1	0	0
AY.61	del119/120	0	0	0	0	0	0	0	0	1
AY.61	S84L	0	0	0	0	0	0	0	0	1
AY.61	A222V	0	0	0	0	1	0	0	0	0
AY.61	D614G	0	0	0	0	1	0	0	0	0
AY.61	D950N	0	0	0	0	1	0	0	0	0
AY.61	del157/158	0	0	0	0	1	0	0	0	0
AY.61	E156G	0	0	0	0	1	0	0	0	0
AY.61	L452R	0	0	0	0	1	0	0	0	0
AY.61	P681R	0	0	0	0	1	0	0	0	0
AY.61	T19R	0	0	0	0	1	0	0	0	0
AY.61	T478K	0	0	0	0	1	0	0	0	0
AY.9.2	I82T	0	0	0	0	0	1	0	0	0
AY.9.2	D377Y	1	0	0	0	0	0	0	0	0
AY.9.2	D63G	1	0	0	0	0	0	0	0	0
AY.9.2	R203M	1	0	0	0	0	0	0	0	0
AY.9.2	A3209V	0	1	0	0	0	0	0	0	0
AY.9.2	P1640L	0	1	0	0	0	0	0	0	0
AY.9.2	T3750I	0	1	0	0	0	0	0	0	0
AY.9.2	V3718A	0	1	0	0	0	0	0	0	0
AY.9.2	G662S	0	0	1	0	0	0	0	0	0
AY.9.2	P1000L	0	0	1	0	0	0	0	0	0
AY.9.2	P314L	0	0	1	0	0	0	0	0	0
AY.9.2	R188Q	0	0	1	0	0	0	0	0	0
AY.9.2	T1540I	0	0	1	0	0	0	0	0	0
AY.9.2	S26L	0	0	0	1	0	0	0	0	0
AY.9.2	T120I	0	0	0	0	0	0	1	0	0
AY.9.2	V82A	0	0	0	0	0	0	1	0	0
AY.9.2	del119/120	0	0	0	0	0	0	0	0	1
AY.9.2	S84L	0	0	0	0	0	0	0	0	1
AY.9.2	A222V	0	0	0	0	1	0	0	0	0
AY.9.2	D614G	0	0	0	0	1	0	0	0	0
AY.9.2	D950N	0	0	0	0	1	0	0	0	0
AY.9.2	del157/158	0	0	0	0	1	0	0	0	0
AY.9.2	E156G	0	0	0	0	1	0	0	0	0
AY.9.2	L452R	0	0	0	0	1	0	0	0	0
AY.9.2	P681R	0	0	0	0	1	0	0	0	0
AY.9.2	T19R	0	0	0	0	1	0	0	0	0
AY.9.2	T478K	0	0	0	0	1	0	0	0	0
AY.94	I82T	0	0	0	0	0	1	0	0	0
AY.94	D377Y	1	0	0	0	0	0	0	0	0
AY.94	D63G	1	0	0	0	0	0	0	0	0
AY.94	G215C	1	0	0	0	0	0	0	0	0
AY.94	R203M	1	0	0	0	0	0	0	0	0
AY.94	A1306S	0	1	0	0	0	0	0	0	0
AY.94	P2046L	0	1	0	0	0	0	0	0	0
AY.94	P2287S	0	1	0	0	0	0	0	0	0
AY.94	Q2034H	0	1	0	0	0	0	0	0	0
AY.94	T3255I	0	1	0	0	0	0	0	0	0
AY.94	T3646A	0	1	0	0	0	0	0	0	0
AY.94	V2930L	0	1	0	0	0	0	0	0	0
AY.94	A1918V	0	0	1	0	0	0	0	0	0
AY.94	G662S	0	0	1	0	0	0	0	0	0
AY.94	P1000L	0	0	1	0	0	0	0	0	0
AY.94	P314L	0	0	1	0	0	0	0	0	0
AY.94	V1170F	0	0	1	0	0	0	0	0	0
AY.94	S26L	0	0	0	1	0	0	0	0	0
AY.94	T120I	0	0	0	0	0	0	1	0	0
AY.94	V82A	0	0	0	0	0	0	1	0	0
AY.94	T40I	0	0	0	0	0	0	0	1	0
AY.94	del119/120	0	0	0	0	0	0	0	0	1
AY.94	S84L	0	0	0	0	0	0	0	0	1
AY.94	D614G	0	0	0	0	1	0	0	0	0
AY.94	D950N	0	0	0	0	1	0	0	0	0
AY.94	del157/158	0	0	0	0	1	0	0	0	0
AY.94	E156G	0	0	0	0	1	0	0	0	0
AY.94	L452R	0	0	0	0	1	0	0	0	0
AY.94	P681R	0	0	0	0	1	0	0	0	0
AY.94	T19R	0	0	0	0	1	0	0	0	0
AY.94	T478K	0	0	0	0	1	0	0	0	0
B.1	P314L	0	0	1	0	0	0	0	0	0
B.1	S84L	0	0	0	0	0	0	0	0	1
B.1	D614G	0	0	0	0	1	0	0	0	0
B.1.1	G204R	1	0	0	0	0	0	0	0	0
B.1.1	R203K	1	0	0	0	0	0	0	0	0
B.1.1	P314L	0	0	1	0	0	0	0	0	0
B.1.1	S84L	0	0	0	0	0	0	0	0	1
B.1.1	D614G	0	0	0	0	1	0	0	0	0
B.1.1.7	D3L	1	0	0	0	0	0	0	0	0
B.1.1.7	G204R	1	0	0	0	0	0	0	0	0
B.1.1.7	R203K	1	0	0	0	0	0	0	0	0
B.1.1.7	S235F	1	0	0	0	0	0	0	0	0
B.1.1.7	A1708D	0	1	0	0	0	0	0	0	0
B.1.1.7	del3675/3677	0	1	0	0	0	0	0	0	0
B.1.1.7	I2230T	0	1	0	0	0	0	0	0	0
B.1.1.7	T1001I	0	1	0	0	0	0	0	0	0
B.1.1.7	P314L	0	0	1	0	0	0	0	0	0
B.1.1.7	Q27*	0	0	0	0	0	0	0	0	1
B.1.1.7	R52I	0	0	0	0	0	0	0	0	1
B.1.1.7	S84L	0	0	0	0	0	0	0	0	1
B.1.1.7	Y73C	0	0	0	0	0	0	0	0	1
B.1.1.7	A570D	0	0	0	0	1	0	0	0	0
B.1.1.7	D1118H	0	0	0	0	1	0	0	0	0
B.1.1.7	D614G	0	0	0	0	1	0	0	0	0
B.1.1.7	del144/144	0	0	0	0	1	0	0	0	0
B.1.1.7	del69/70	0	0	0	0	1	0	0	0	0
B.1.1.7	N501Y	0	0	0	0	1	0	0	0	0
B.1.1.7	P681H	0	0	0	0	1	0	0	0	0
B.1.1.7	S982A	0	0	0	0	1	0	0	0	0
B.1.1.7	T716I	0	0	0	0	1	0	0	0	0
B.1.617.2	I82T	0	0	0	0	0	1	0	0	0
B.1.617.2	D377Y	1	0	0	0	0	0	0	0	0
B.1.617.2	D63G	1	0	0	0	0	0	0	0	0
B.1.617.2	R203M	1	0	0	0	0	0	0	0	0
B.1.617.2	G662S	0	0	1	0	0	0	0	0	0
B.1.617.2	P1000L	0	0	1	0	0	0	0	0	0
B.1.617.2	P314L	0	0	1	0	0	0	0	0	0
B.1.617.2	S26L	0	0	0	1	0	0	0	0	0
B.1.617.2	T120I	0	0	0	0	0	0	1	0	0
B.1.617.2	V82A	0	0	0	0	0	0	1	0	0
B.1.617.2	del119/120	0	0	0	0	0	0	0	0	1
B.1.617.2	S84L	0	0	0	0	0	0	0	0	1
B.1.617.2	D614G	0	0	0	0	1	0	0	0	0
B.1.617.2	D950N	0	0	0	0	1	0	0	0	0
B.1.617.2	del157/158	0	0	0	0	1	0	0	0	0
B.1.617.2	E156G	0	0	0	0	1	0	0	0	0
B.1.617.2	L452R	0	0	0	0	1	0	0	0	0
B.1.617.2	P681R	0	0	0	0	1	0	0	0	0
B.1.617.2	T19R	0	0	0	0	1	0	0	0	0
B.1.617.2	T478K	0	0	0	0	1	0	0	0	0
B.1.621	T205I	1	0	0	0	0	0	0	0	0
B.1.621	Q3729R	0	1	0	0	0	0	0	0	0
B.1.621	T1055A	0	1	0	0	0	0	0	0	0
B.1.621	T1538I	0	1	0	0	0	0	0	0	0
B.1.621	T3255I	0	1	0	0	0	0	0	0	0
B.1.621	P1342S	0	0	1	0	0	0	0	0	0
B.1.621	P314L	0	0	1	0	0	0	0	0	0
B.1.621	del256/257	0	0	0	1	0	0	0	0	0
B.1.621	Q57H	0	0	0	1	0	0	0	0	0
B.1.621	P38S	0	0	0	0	0	0	0	0	1
B.1.621	S67F	0	0	0	0	0	0	0	0	1
B.1.621	S84L	0	0	0	0	0	0	0	0	1
B.1.621	T11K	0	0	0	0	0	0	0	0	1
B.1.621	D614G	0	0	0	0	1	0	0	0	0
B.1.621	D950N	0	0	0	0	1	0	0	0	0
B.1.621	E484K	0	0	0	0	1	0	0	0	0
B.1.621	N501Y	0	0	0	0	1	0	0	0	0
B.1.621	P681H	0	0	0	0	1	0	0	0	0
B.1.621	R346K	0	0	0	0	1	0	0	0	0
B.1.621	T95I	0	0	0	0	1	0	0	0	0
B.1.621	Y145N	0	0	0	0	1	0	0	0	0
P.1	G204R	1	0	0	0	0	0	0	0	0
P.1	P80R	1	0	0	0	0	0	0	0	0
P.1	R203K	1	0	0	0	0	0	0	0	0
P.1	del3675/3677	0	1	0	0	0	0	0	0	0
P.1	K1795Q	0	1	0	0	0	0	0	0	0
P.1	S1188L	0	1	0	0	0	0	0	0	0
P.1	E1264D	0	0	1	0	0	0	0	0	0
P.1	P314L	0	0	1	0	0	0	0	0	0
P.1	S253P	0	0	0	1	0	0	0	0	0
P.1	E92K	0	0	0	0	0	0	0	0	1
P.1	S84L	0	0	0	0	0	0	0	0	1
P.1	D138Y	0	0	0	0	1	0	0	0	0
P.1	D614G	0	0	0	0	1	0	0	0	0
P.1	E484K	0	0	0	0	1	0	0	0	0
P.1	H655Y	0	0	0	0	1	0	0	0	0
P.1	K417T	0	0	0	0	1	0	0	0	0
P.1	L18F	0	0	0	0	1	0	0	0	0
P.1	N501Y	0	0	0	0	1	0	0	0	0
P.1	P26S	0	0	0	0	1	0	0	0	0
P.1	R190S	0	0	0	0	1	0	0	0	0
P.1	T1027I	0	0	0	0	1	0	0	0	0
P.1	T20N	0	0	0	0	1	0	0	0	0
P.1	V1176F	0	0	0	0	1	0	0	0	0
P.1.12	P80R	1	0	0	0	0	0	0	0	0
P.1.12	del3675/3677	0	1	0	0	0	0	0	0	0
P.1.12	K1795Q	0	1	0	0	0	0	0	0	0
P.1.12	S1188L	0	1	0	0	0	0	0	0	0
P.1.12	E1264D	0	0	1	0	0	0	0	0	0
P.1.12	P314L	0	0	1	0	0	0	0	0	0
P.1.12	S253P	0	0	0	1	0	0	0	0	0
P.1.12	E92K	0	0	0	0	0	0	0	0	1
P.1.12	S84L	0	0	0	0	0	0	0	0	1
P.1.12	D138Y	0	0	0	0	1	0	0	0	0
P.1.12	D614G	0	0	0	0	1	0	0	0	0
P.1.12	H655Y	0	0	0	0	1	0	0	0	0
P.1.12	K417T	0	0	0	0	1	0	0	0	0
P.1.12	L18F	0	0	0	0	1	0	0	0	0
P.1.12	N501Y	0	0	0	0	1	0	0	0	0
P.1.12	P26S	0	0	0	0	1	0	0	0	0
P.1.12	R190S	0	0	0	0	1	0	0	0	0
P.1.12	T1027I	0	0	0	0	1	0	0	0	0
P.1.12	T20N	0	0	0	0	1	0	0	0	0
P.1.12	V1176F	0	0	0	0	1	0	0	0	0
P.1.14	G204R	1	0	0	0	0	0	0	0	0
P.1.14	P80R	1	0	0	0	0	0	0	0	0
P.1.14	R203K	1	0	0	0	0	0	0	0	0
P.1.14	del3675/3677	0	1	0	0	0	0	0	0	0
P.1.14	K1795Q	0	1	0	0	0	0	0	0	0
P.1.14	S1188L	0	1	0	0	0	0	0	0	0
P.1.14	S2947N	0	1	0	0	0	0	0	0	0
P.1.14	E1264D	0	0	1	0	0	0	0	0	0
P.1.14	P314L	0	0	1	0	0	0	0	0	0
P.1.14	S253P	0	0	0	1	0	0	0	0	0
P.1.14	E92K	0	0	0	0	0	0	0	0	1
P.1.14	S84L	0	0	0	0	0	0	0	0	1
P.1.14	D138Y	0	0	0	0	1	0	0	0	0
P.1.14	D614G	0	0	0	0	1	0	0	0	0
P.1.14	E484K	0	0	0	0	1	0	0	0	0
P.1.14	H655Y	0	0	0	0	1	0	0	0	0
P.1.14	K417T	0	0	0	0	1	0	0	0	0
P.1.14	L18F	0	0	0	0	1	0	0	0	0
P.1.14	N501Y	0	0	0	0	1	0	0	0	0
P.1.14	P26S	0	0	0	0	1	0	0	0	0
P.1.14	R190S	0	0	0	0	1	0	0	0	0
P.1.14	T1027I	0	0	0	0	1	0	0	0	0
P.1.14	T20N	0	0	0	0	1	0	0	0	0
P.1.14	V1176F	0	0	0	0	1	0	0	0	0
P.1.15	G204R	1	0	0	0	0	0	0	0	0
P.1.15	P80R	1	0	0	0	0	0	0	0	0
P.1.15	R203K	1	0	0	0	0	0	0	0	0
P.1.15	del3675/3677	0	1	0	0	0	0	0	0	0
P.1.15	K1795Q	0	1	0	0	0	0	0	0	0
P.1.15	S1188L	0	1	0	0	0	0	0	0	0
P.1.15	E1264D	0	0	1	0	0	0	0	0	0
P.1.15	P314L	0	0	1	0	0	0	0	0	0
P.1.15	S253P	0	0	0	1	0	0	0	0	0
P.1.15	E92K	0	0	0	0	0	0	0	0	1
P.1.15	S84L	0	0	0	0	0	0	0	0	1
P.1.15	D138Y	0	0	0	0	1	0	0	0	0
P.1.15	D614G	0	0	0	0	1	0	0	0	0
P.1.15	E484K	0	0	0	0	1	0	0	0	0
P.1.15	H655Y	0	0	0	0	1	0	0	0	0
P.1.15	K417T	0	0	0	0	1	0	0	0	0
P.1.15	L18F	0	0	0	0	1	0	0	0	0
P.1.15	N501Y	0	0	0	0	1	0	0	0	0
P.1.15	P26S	0	0	0	0	1	0	0	0	0
P.1.15	R190S	0	0	0	0	1	0	0	0	0
P.1.15	T1027I	0	0	0	0	1	0	0	0	0
P.1.15	T20N	0	0	0	0	1	0	0	0	0
P.1.15	V1176F	0	0	0	0	1	0	0	0	0
Q.4	D3L	1	0	0	0	0	0	0	0	0
Q.4	G204R	1	0	0	0	0	0	0	0	0
Q.4	R203K	1	0	0	0	0	0	0	0	0
Q.4	S235F	1	0	0	0	0	0	0	0	0
Q.4	A1708D	0	1	0	0	0	0	0	0	0
Q.4	A2320V	0	1	0	0	0	0	0	0	0
Q.4	del3675/3677	0	1	0	0	0	0	0	0	0
Q.4	I2230T	0	1	0	0	0	0	0	0	0
Q.4	Q3966R	0	1	0	0	0	0	0	0	0
Q.4	R24C	0	1	0	0	0	0	0	0	0
Q.4	T1001I	0	1	0	0	0	0	0	0	0
Q.4	T1567A	0	1	0	0	0	0	0	0	0
Q.4	K1383R	0	0	1	0	0	0	0	0	0
Q.4	P314L	0	0	1	0	0	0	0	0	0
Q.4	Q27*	0	0	0	0	0	0	0	0	1
Q.4	R52I	0	0	0	0	0	0	0	0	1
Q.4	S84L	0	0	0	0	0	0	0	0	1
Q.4	Y73C	0	0	0	0	0	0	0	0	1
Q.4	A570D	0	0	0	0	1	0	0	0	0
Q.4	D1118H	0	0	0	0	1	0	0	0	0
Q.4	D614G	0	0	0	0	1	0	0	0	0
Q.4	del144/144	0	0	0	0	1	0	0	0	0
Q.4	del69/70	0	0	0	0	1	0	0	0	0
Q.4	N501Y	0	0	0	0	1	0	0	0	0
Q.4	P681R	0	0	0	0	1	0	0	0	0
Q.4	S982A	0	0	0	0	1	0	0	0	0
Q.4	T716I	0	0	0	0	1	0	0	0	0
